timestamp,request_id,latency_ms,status,status_code,sla_violation,fraud_score,response_latency_ms
2025-12-10T22:40:06.097784,1,170.01,success,200,0,0.21,2477.09
2025-12-10T22:40:06.441029,3,440.62,success,200,0,0.362,6518.1
2025-12-10T22:40:06.785131,5,417.71,success,200,0,0.821,6129.36
2025-12-10T22:40:06.953183,6,406.53,success,200,0,0.539,6001.76
2025-12-10T22:40:06.611591,4,431.81,success,200,0,0.651,6441.51
2025-12-10T22:40:06.269338,2,455.16,success,200,0,0.217,6796.11
2025-12-10T22:40:08.649098,7,478.1,success,200,0,0.066,7109.29
2025-12-10T22:40:13.052821,10,479.04,success,200,0,0.509,7063.84
2025-12-10T22:40:13.051600,8,479.16,success,200,0,0.092,7066.9
2025-12-10T22:40:13.051849,9,482.42,success,200,0,0.277,7113.02
2025-12-10T22:40:13.089425,11,480.51,success,200,0,0.382,7124.46
2025-12-10T22:40:13.097143,12,480.15,success,200,0,0.584,7129.21
2025-12-10T22:40:15.821845,13,482.6,success,200,0,0.995,7121.24
2025-12-10T22:40:20.239595,15,481.78,success,200,0,0.802,7178.19
2025-12-10T22:40:20.239160,14,481.76,success,200,0,0.667,7141.24
2025-12-10T22:40:20.288464,16,478.54,success,200,0,0.014,7143.37
2025-12-10T22:40:20.297237,17,477.91,success,200,0,0.388,7120.91
2025-12-10T22:40:20.299506,18,480.55,success,200,0,0.306,7179.38
2025-12-10T22:40:23.062350,19,481.35,success,200,0,0.007,7188.7
2025-12-10T22:40:27.508255,24,490.11,success,200,0,0.407,7163.37
2025-12-10T22:40:27.467522,21,493.14,success,200,0,0.021,7095.81
2025-12-10T22:40:27.467060,20,491.06,success,200,0,0.988,7154.01
2025-12-10T22:40:27.468342,23,520.78,success,200,1,0.291,7156.95
2025-12-10T22:40:27.468066,22,493.39,success,200,0,0.312,7156.32
2025-12-10T22:40:30.284031,25,348.94,success,200,0,0.839,5019.47
2025-12-10T22:40:35.217161,26,501.79,success,200,1,0.925,7054.3
2025-12-10T22:40:35.312309,29,495.4,success,200,0,0.691,7137.03
2025-12-10T22:40:35.578609,30,477.62,success,200,0,0.451,7071.75
2025-12-10T22:40:35.273953,27,497.85,success,200,0,0.405,7104.17
2025-12-10T22:40:35.281307,28,497.49,success,200,0,0.811,7063.86
2025-12-10T22:40:35.626142,31,474.42,success,200,0,0.548,6883.61
2025-12-10T22:40:42.747925,36,468.91,success,200,0,0.341,7001.89
2025-12-10T22:40:42.745575,33,469.14,success,200,0,0.257,6985.14
2025-12-10T22:40:42.745208,32,470.46,success,200,0,0.906,7013.39
2025-12-10T22:40:42.746485,34,471.03,success,200,0,0.513,7035.17
2025-12-10T22:40:42.748433,37,474.39,success,200,0,0.23,7084.33
2025-12-10T22:40:42.747203,35,478.08,success,200,0,0.66,7132.62
2025-12-10T22:40:49.812535,41,476.87,success,200,0,0.486,7122.83
2025-12-10T22:40:49.864852,42,477.29,success,200,0,0.696,7131.99
2025-12-10T22:40:49.784898,39,482.65,success,200,0,0.882,7195.37
2025-12-10T22:40:49.783894,38,485.96,success,200,0,0.002,7250.2
2025-12-10T22:40:49.918824,43,478.77,success,200,0,0.844,7136.31
2025-12-10T22:40:49.802730,40,486.53,success,200,0,0.808,7265.02
2025-12-10T22:40:57.101130,48,462.24,success,200,0,0.467,7010.32
2025-12-10T22:40:57.101656,49,462.31,success,200,0,0.732,7014.69
2025-12-10T22:40:57.025563,45,469.11,success,200,0,0.949,7115.11
2025-12-10T22:40:57.073846,47,466.71,success,200,0,0.691,7096.15
2025-12-10T22:40:56.967769,44,475.06,success,200,0,0.508,7199.41
2025-12-10T22:40:57.026202,46,471.36,success,200,0,0.073,7151.81
2025-12-10T22:41:04.036446,50,478.14,success,200,0,0.93,7146.36
2025-12-10T22:41:04.095050,54,484.58,success,200,0,0.589,7177.98
2025-12-10T22:41:04.062789,52,486.82,success,200,0,0.532,7256.17
2025-12-10T22:41:04.097144,55,484.47,success,200,0,0.245,7199.05
2025-12-10T22:41:04.075351,53,485.94,success,200,0,0.996,7246.91
2025-12-10T22:41:04.038504,51,488.49,success,200,0,0.237,7231.46
2025-12-10T22:41:11.371330,60,471.27,success,200,0,0.647,7025.92
2025-12-10T22:41:11.370544,59,471.7,success,200,0,0.132,7043.0
2025-12-10T22:41:11.209734,56,483.47,success,200,0,0.849,7216.3
2025-12-10T22:41:11.365965,57,475.74,success,200,0,0.734,7080.4
2025-12-10T22:41:11.372501,61,475.59,success,200,0,0.144,7104.71
2025-12-10T22:41:11.367834,58,476.05,success,200,0,0.89,7105.42
2025-12-10T22:41:18.462156,64,316.24,success,200,0,0.648,4716.81
2025-12-10T22:41:18.441449,62,319.52,success,200,0,0.976,4768.79
2025-12-10T22:41:18.506729,66,327.5,success,200,0,0.075,4791.82
2025-12-10T22:41:18.446526,63,331.53,success,200,0,0.738,4860.48
2025-12-10T22:41:18.502590,65,667.64,timeout,0,1,,
2025-12-10T22:41:18.508953,67,667.87,timeout,0,1,,
2025-12-10T22:41:23.419739,70,524.34,success,200,1,0.987,7812.59
2025-12-10T22:41:23.234909,69,536.62,success,200,1,0.229,7979.15
2025-12-10T22:41:23.206485,68,538.58,success,200,1,0.848,7991.58
2025-12-10T22:41:23.419852,71,528.16,success,200,1,0.829,7892.61
2025-12-10T22:41:28.527341,73,428.93,success,200,0,0.845,6014.84
2025-12-10T22:41:28.518885,72,429.39,success,200,0,0.391,5986.86
2025-12-10T22:41:31.285943,74,475.85,success,200,0,0.735,7103.33
2025-12-10T22:41:31.343163,77,485.75,success,200,0,0.163,7118.96
2025-12-10T22:41:31.286970,76,489.59,success,200,0,0.033,7185.52
2025-12-10T22:41:31.286160,75,489.7,success,200,0,0.138,7204.2
2025-12-10T22:41:34.963563,78,460.68,success,200,0,0.402,6719.63
2025-12-10T22:41:34.963934,79,460.6,success,200,0,0.764,6728.71
2025-12-10T22:41:38.633034,82,467.13,success,200,0,0.593,6974.39
2025-12-10T22:41:38.424731,80,481.96,success,200,0,0.825,7197.87
2025-12-10T22:41:38.633561,83,469.9,success,200,0,0.028,7020.31
2025-12-10T22:41:38.632362,81,471.57,success,200,0,0.764,7042.98
2025-12-10T22:41:41.874977,84,437.07,success,200,0,0.944,6525.66
2025-12-10T22:41:41.875216,85,440.82,success,200,0,0.385,6580.83
2025-12-10T22:41:45.655103,87,370.75,success,200,0,0.996,5530.13
2025-12-10T22:41:45.642716,86,372.54,success,200,0,0.525,5545.93
2025-12-10T22:41:45.682604,88,373.94,success,200,0,0.33,5583.5
2025-12-10T22:41:48.433916,90,347.61,success,200,0,0.12,5126.62
2025-12-10T22:41:45.706334,89,667.47,timeout,0,1,,
2025-12-10T22:41:51.292437,94,421.92,success,200,0,0.724,6300.83
2025-12-10T22:41:48.488964,91,610.68,success,200,1,0.398,6415.75
2025-12-10T22:41:51.231778,93,432.1,success,200,0,0.991,6458.96
2025-12-10T22:41:55.719156,96,341.06,success,200,0,0.349,5091.23
2025-12-10T22:41:51.218657,92,646.46,success,200,1,0.474,7283.88
2025-12-10T22:41:53.649098,95,667.83,timeout,0,1,,
2025-12-10T22:41:57.649884,98,508.29,success,200,1,0.748,7589.99
2025-12-10T22:41:57.713947,99,511.19,success,200,1,0.742,7570.08
2025-12-10T22:41:57.622220,97,517.35,success,200,1,0.691,7695.06
2025-12-10T22:42:03.667839,102,328.68,success,200,0,0.085,4685.78
2025-12-10T22:42:00.916548,101,512.9,success,200,1,0.405,7532.9
2025-12-10T22:42:00.836643,100,517.45,success,200,1,0.93,7537.71
2025-12-10T22:42:05.278602,103,372.62,success,200,0,0.296,5474.3
2025-12-10T22:42:05.383030,104,367.59,success,200,0,0.232,5487.93
2025-12-10T22:42:08.610759,106,332.16,success,200,0,0.599,4945.46
2025-12-10T22:42:05.383209,105,552.49,success,200,1,0.54,5211.42
2025-12-10T22:42:08.612073,108,576.12,success,200,1,0.206,6348.63
2025-12-10T22:42:10.869531,109,426.4,success,200,0,0.325,6371.0
2025-12-10T22:42:10.897315,110,426.12,success,200,0,0.393,6367.42
2025-12-10T22:42:08.611289,107,668.7,timeout,0,1,,
2025-12-10T22:42:13.594861,111,506.65,success,200,1,0.366,7575.66
2025-12-10T22:42:13.671730,112,510.99,success,200,1,0.909,7538.96
2025-12-10T22:42:17.254879,113,529.25,success,200,1,0.163,7911.99
2025-12-10T22:42:17.265669,114,528.62,success,200,1,0.243,7900.71
2025-12-10T22:42:18.643198,116,444.29,success,200,0,0.705,6639.53
2025-12-10T22:42:17.289410,115,535.57,success,200,1,0.231,8003.34
2025-12-10T22:42:21.195927,117,484.58,success,200,0,0.663,7233.19
2025-12-10T22:42:21.337618,118,475.96,success,200,0,0.841,7104.23
2025-12-10T22:42:25.323970,122,475.53,success,200,0,0.808,7087.01
2025-12-10T22:42:25.196409,119,484.06,success,200,0,0.284,7139.84
2025-12-10T22:42:25.309083,121,476.47,success,200,0,0.013,7088.81
2025-12-10T22:42:25.197429,120,486.52,success,200,0,0.333,7185.69
2025-12-10T22:42:28.466028,123,452.92,success,200,0,0.691,6737.24
2025-12-10T22:42:28.477902,124,452.37,success,200,0,0.43,6763.04
2025-12-10T22:42:32.496236,128,394.33,success,200,0,0.942,5889.24
2025-12-10T22:42:32.458381,125,400.81,success,200,0,0.443,5975.23
2025-12-10T22:42:32.458646,126,402.7,success,200,0,0.485,6013.74
2025-12-10T22:42:32.459705,127,614.08,success,200,1,0.011,6383.93
2025-12-10T22:42:35.263912,130,428.13,success,200,0,0.516,6396.57
2025-12-10T22:42:35.261993,129,667.72,timeout,0,1,,
2025-12-10T22:42:38.499367,133,499.26,success,200,0,0.654,7468.31
2025-12-10T22:42:38.411804,131,507.3,success,200,1,0.447,7580.4
2025-12-10T22:42:38.470800,132,508.18,success,200,1,0.079,7600.02
2025-12-10T22:42:45.278693,136,262.8,success,200,0,0.273,3914.4
2025-12-10T22:42:41.687178,135,504.56,success,200,1,0.373,7542.63
2025-12-10T22:42:41.676033,134,508.35,success,200,1,0.627,7593.93
2025-12-10T22:42:46.025053,138,425.19,success,200,0,0.408,6329.56
2025-12-10T22:42:45.989050,137,431.92,success,200,0,0.741,6448.0
2025-12-10T22:42:46.094151,139,668.32,timeout,0,1,,
2025-12-10T22:42:49.302253,142,497.49,success,200,0,0.428,7438.04
2025-12-10T22:42:49.223391,140,503.1,success,200,1,0.935,7521.33
2025-12-10T22:42:49.256609,141,505.25,success,200,1,0.43,7538.22
2025-12-10T22:42:52.469201,144,536.21,success,200,1,0.583,7796.87
2025-12-10T22:42:52.405287,143,540.53,success,200,1,0.944,8038.51
2025-12-10T22:42:56.122264,145,292.78,success,200,0,0.668,4322.94
2025-12-10T22:42:56.836174,148,456.15,success,200,0,0.33,6814.28
2025-12-10T22:42:56.765896,146,460.78,success,200,0,0.211,6885.15
2025-12-10T22:42:56.770772,147,460.88,success,200,0,0.413,6844.43
2025-12-10T22:43:00.516294,151,368.23,success,200,0,0.056,5491.03
2025-12-10T22:43:00.515127,149,369.25,success,200,0,0.305,5511.11
2025-12-10T22:43:00.515375,150,559.61,success,200,1,0.62,5102.24
2025-12-10T22:43:03.680719,152,348.53,success,200,0,0.383,5063.83
2025-12-10T22:43:06.040224,155,395.78,success,200,0,0.736,5897.83
2025-12-10T22:43:06.054001,156,395.5,success,200,0,0.287,5910.71
2025-12-10T22:43:03.681038,153,555.49,success,200,1,0.519,5978.83
2025-12-10T22:43:03.685626,154,667.42,timeout,0,1,,
2025-12-10T22:43:08.911063,157,424.85,success,200,0,0.031,6342.3
2025-12-10T22:43:13.697340,162,338.57,success,200,0,0.587,5043.9
2025-12-10T22:43:11.978857,159,453.11,success,200,0,0.458,6760.08
2025-12-10T22:43:12.014601,161,451.13,success,200,0,0.772,6730.03
2025-12-10T22:43:08.911851,158,662.1,success,200,1,0.568,6827.97
2025-12-10T22:43:11.987142,160,648.1,success,200,1,0.817,6490.02
2025-12-10T22:43:15.285208,163,667.63,timeout,0,1,,
2025-12-10T22:43:18.782159,166,478.18,success,200,0,0.37,7145.99
2025-12-10T22:43:18.844244,167,476.49,success,200,0,0.88,7107.31
2025-12-10T22:43:18.776711,164,489.55,success,200,0,0.18,7226.38
2025-12-10T22:43:18.777323,165,489.48,success,200,0,0.908,7206.38
2025-12-10T22:43:21.710939,168,477.49,success,200,0,0.319,7126.42
2025-12-10T22:43:25.992673,171,478.02,success,200,0,0.839,7140.78
2025-12-10T22:43:26.120611,172,470.6,success,200,0,0.512,7033.23
2025-12-10T22:43:25.301551,169,526.04,success,200,1,0.515,7236.66
2025-12-10T22:43:26.121353,173,474.94,success,200,0,0.838,7097.25
2025-12-10T22:43:25.957601,170,488.93,success,200,0,0.767,7306.64
2025-12-10T22:43:28.874504,174,482.92,success,200,0,0.974,7091.49
2025-12-10T22:43:33.292483,179,473.16,success,200,0,0.727,7072.96
2025-12-10T22:43:33.164925,175,485.28,success,200,0,0.485,7250.1
2025-12-10T22:43:33.192911,177,484.62,success,200,0,0.338,7242.88
2025-12-10T22:43:33.246537,178,481.09,success,200,0,0.574,7189.49
2025-12-10T22:43:33.180642,176,486.42,success,200,0,0.455,7269.36
2025-12-10T22:43:36.119752,180,477.42,success,200,0,0.542,7134.92
2025-12-10T22:43:40.478289,185,476.93,success,200,0,0.608,7072.62
2025-12-10T22:43:40.392545,181,482.49,success,200,0,0.935,7137.04
2025-12-10T22:43:40.464096,184,477.78,success,200,0,0.677,7088.19
2025-12-10T22:43:40.445188,182,479.09,success,200,0,0.257,7110.51
2025-12-10T22:43:40.463294,183,477.95,success,200,0,0.206,7124.46
2025-12-10T22:43:43.283227,186,470.26,success,200,0,0.429,7018.31
2025-12-10T22:43:47.635835,191,473.44,success,200,0,0.229,7073.67
2025-12-10T22:43:47.635382,190,477.05,success,200,0,0.349,7129.58
2025-12-10T22:43:47.634930,189,477.73,success,200,0,0.38,7140.55
2025-12-10T22:43:47.633743,187,479.94,success,200,0,0.538,7171.29
2025-12-10T22:43:47.633967,188,480.03,success,200,0,0.806,7174.16
2025-12-10T22:43:50.338638,192,459.97,success,200,0,0.129,6856.4
2025-12-10T22:43:54.792998,194,396.01,success,200,0,0.603,5879.9
2025-12-10T22:43:54.834806,197,393.28,success,200,0,0.869,5868.19
2025-12-10T22:43:54.833296,196,395.4,success,200,0,0.98,5889.7
2025-12-10T22:43:54.739261,193,401.63,success,200,0,0.286,5997.99
2025-12-10T22:43:57.240051,198,420.43,success,200,0,0.416,6285.29
2025-12-10T22:43:54.801959,195,667.86,timeout,0,1,,
2025-12-10T22:44:00.735324,199,504.3,success,200,1,0.196,7447.71
2025-12-10T22:44:00.765610,202,507.61,success,200,1,0.167,7529.3
2025-12-10T22:44:00.736150,200,513.48,success,200,1,0.527,7589.24
2025-12-10T22:44:00.764903,201,535.52,success,200,1,0.83,7616.51
2025-12-10T22:44:03.547454,203,546.74,success,200,1,0.064,7999.44
2025-12-10T22:44:04.820646,204,461.9,success,200,0,0.748,6759.2
2025-12-10T22:44:08.798361,208,445.3,success,200,0,0.576,6657.07
2025-12-10T22:44:08.439616,207,470.63,success,200,0,0.635,6683.68
2025-12-10T22:44:08.381304,206,475.43,success,200,0,0.049,7108.1
2025-12-10T22:44:08.303636,205,485.73,success,200,0,0.154,7257.18
2025-12-10T22:44:11.750911,210,466.29,success,200,0,0.435,6964.02
2025-12-10T22:44:11.750073,209,471.63,success,200,0,0.696,7042.38
2025-12-10T22:44:15.500238,212,484.02,success,200,0,0.72,7184.47
2025-12-10T22:44:15.513664,213,483.15,success,200,0,0.541,7191.49
2025-12-10T22:44:15.479275,211,488.62,success,200,0,0.608,7305.59
2025-12-10T22:44:15.590788,214,482.42,success,200,0,0.16,7193.67
2025-12-10T22:44:18.746254,215,477.62,success,200,0,0.065,7106.1
2025-12-10T22:44:18.824792,216,477.05,success,200,0,0.048,7132.54
2025-12-10T22:44:22.827673,220,471.72,success,200,0,0.024,7033.39
2025-12-10T22:44:22.762672,218,476.74,success,200,0,0.892,7122.53
2025-12-10T22:44:22.762052,217,479.69,success,200,0,0.223,7166.77
2025-12-10T22:44:22.809938,219,485.88,success,200,0,0.708,7172.31
2025-12-10T22:44:25.980889,222,486.93,success,200,0,0.806,7172.18
2025-12-10T22:44:25.911294,221,491.61,success,200,0,0.838,7241.03
2025-12-10T22:44:29.906132,223,476.35,success,200,0,0.122,7117.34
2025-12-10T22:44:29.914473,224,482.0,success,200,0,0.809,7199.25
2025-12-10T22:44:30.099225,226,470.35,success,200,0,0.96,7028.51
2025-12-10T22:44:29.958664,225,482.22,success,200,0,0.639,7176.11
2025-12-10T22:44:33.287321,228,442.26,success,200,0,0.238,6608.62
2025-12-10T22:44:33.286463,227,445.79,success,200,0,0.441,6658.95
2025-12-10T22:44:37.144776,230,397.88,success,200,0,0.656,5891.02
2025-12-10T22:44:37.052942,229,410.64,success,200,0,0.099,6079.95
2025-12-10T22:44:37.192442,232,401.41,success,200,0,0.769,5948.9
2025-12-10T22:44:39.974205,234,427.12,success,200,0,0.39,6293.43
2025-12-10T22:44:37.154765,231,615.02,success,200,1,0.496,6397.05
2025-12-10T22:44:39.921791,233,667.62,timeout,0,1,,
2025-12-10T22:44:43.214932,237,496.99,success,200,0,0.212,7415.85
2025-12-10T22:44:43.115007,235,505.84,success,200,1,0.572,7471.66
2025-12-10T22:44:43.214726,236,500.06,success,200,1,0.848,7474.72
2025-12-10T22:44:46.382153,238,527.16,success,200,1,0.429,7881.02
2025-12-10T22:44:49.938827,240,291.85,success,200,0,0.373,4268.85
2025-12-10T22:44:46.383305,239,532.29,success,200,1,0.314,7940.2
2025-12-10T22:44:50.716644,243,448.07,success,200,0,0.047,6647.39
2025-12-10T22:44:50.672300,241,453.16,success,200,0,0.967,6773.1
2025-12-10T22:44:50.703885,242,453.32,success,200,0,0.256,6772.48
2025-12-10T22:44:54.291385,244,397.63,success,200,0,0.755,5931.73
2025-12-10T22:44:54.368314,246,397.32,success,200,0,0.06,5935.61
2025-12-10T22:44:57.439331,247,399.87,success,200,0,0.901,5971.88
2025-12-10T22:44:54.317127,245,608.49,success,200,1,0.137,5940.07
2025-12-10T22:44:57.504966,249,398.57,success,200,0,0.622,5950.39
2025-12-10T22:44:57.471052,248,587.5,success,200,1,0.752,5966.04
2025-12-10T22:45:00.257267,250,407.97,success,200,0,0.321,6070.67
2025-12-10T22:45:00.328766,251,635.16,success,200,1,0.318,6409.5
2025-12-10T22:45:03.438843,252,434.16,success,200,0,0.845,6434.55
2025-12-10T22:45:03.484357,254,431.89,success,200,0,0.207,6452.35
2025-12-10T22:45:03.445140,253,665.3,success,200,1,0.648,7203.08
2025-12-10T22:45:06.285273,255,481.03,success,200,0,0.559,7187.78
2025-12-10T22:45:06.377682,256,483.1,success,200,0,0.093,7131.42
2025-12-10T22:45:09.963414,259,474.68,success,200,0,0.243,7093.37
2025-12-10T22:45:09.951613,258,477.45,success,200,0,0.948,7138.3
2025-12-10T22:45:09.856843,257,486.2,success,200,0,0.376,7187.2
2025-12-10T22:45:13.625290,262,470.75,success,200,0,0.891,7033.27
2025-12-10T22:45:13.502201,261,479.76,success,200,0,0.279,7161.81
2025-12-10T22:45:13.426779,260,485.67,success,200,0,0.698,7206.12
2025-12-10T22:45:17.150545,265,420.57,success,200,0,0.026,6254.8
2025-12-10T22:45:17.113725,264,423.05,success,200,0,0.735,6300.64
2025-12-10T22:45:17.084359,263,433.9,success,200,0,0.104,6429.69
2025-12-10T22:45:20.689393,266,372.86,success,200,0,0.968,5561.39
2025-12-10T22:45:20.699473,267,667.65,timeout,0,1,,
2025-12-10T22:45:23.460022,269,484.11,success,200,0,0.506,7187.54
2025-12-10T22:45:20.713000,268,667.29,success,200,1,0.286,7128.33
2025-12-10T22:45:23.460182,270,484.22,success,200,0,0.652,7210.11
2025-12-10T22:45:23.594418,271,475.3,success,200,0,0.438,7075.61
2025-12-10T22:45:26.284189,272,454.61,success,200,0,0.219,6784.48
2025-12-10T22:45:30.724643,274,444.18,success,200,0,0.327,6287.62
2025-12-10T22:45:30.716306,273,447.86,success,200,0,0.286,6324.3
2025-12-10T22:45:30.725098,275,443.33,success,200,0,0.673,6284.36
2025-12-10T22:45:30.725785,276,443.74,success,200,0,0.13,6327.58
2025-12-10T22:45:30.725968,277,634.11,success,200,1,0.724,7131.67
2025-12-10T22:45:33.105330,278,476.8,success,200,0,0.42,7116.47
2025-12-10T22:45:37.435180,280,454.25,success,200,0,0.754,6768.49
2025-12-10T22:45:37.437843,282,454.92,success,200,0,0.323,6746.45
2025-12-10T22:45:37.435924,281,460.07,success,200,0,0.772,6856.79
2025-12-10T22:45:37.388416,279,464.62,success,200,0,0.847,6879.55
2025-12-10T22:45:40.242474,283,476.74,success,200,0,0.151,7124.48
2025-12-10T22:45:40.258229,284,475.87,success,200,0,0.275,7099.23
2025-12-10T22:45:47.395550,289,247.2,error,500,1,,
2025-12-10T22:45:44.358765,288,452.34,success,200,0,0.283,6754.31
2025-12-10T22:45:44.262035,286,459.69,success,200,0,0.095,6867.85
2025-12-10T22:45:44.250001,285,460.95,success,200,0,0.964,6885.47
2025-12-10T22:45:44.338637,287,457.84,success,200,0,0.329,6839.96
2025-12-10T22:45:47.397496,290,417.38,success,200,0,0.073,6220.18
2025-12-10T22:45:51.206551,295,457.36,success,200,0,0.689,6789.74
2025-12-10T22:45:51.145597,292,461.44,success,200,0,0.146,6806.4
2025-12-10T22:45:51.165171,294,460.09,success,200,0,0.534,6772.05
2025-12-10T22:45:51.104564,291,464.09,success,200,0,0.605,6817.47
2025-12-10T22:45:51.157714,293,460.72,success,200,0,0.645,6878.0
2025-12-10T22:45:53.659497,296,478.77,success,200,0,0.743,7140.13
2025-12-10T22:45:58.069675,299,470.98,success,200,0,0.763,6929.39
2025-12-10T22:45:58.073978,301,474.18,success,200,0,0.122,6975.78
2025-12-10T22:45:58.068654,297,475.71,success,200,0,0.912,7006.78
2025-12-10T22:45:58.071370,300,478.62,success,200,0,0.029,7050.76
2025-12-10T22:45:58.069426,298,480.75,success,200,0,0.395,7076.23
2025-12-10T22:46:00.842697,302,472.3,success,200,0,0.059,7061.38
2025-12-10T22:46:05.251000,306,475.03,success,200,0,0.116,7102.47
2025-12-10T22:46:05.281115,307,473.96,success,200,0,0.04,7084.76
2025-12-10T22:46:05.204849,305,479.15,success,200,0,0.471,7158.47
2025-12-10T22:46:05.187148,304,481.13,success,200,0,0.203,7191.67
2025-12-10T22:46:05.135182,303,487.69,success,200,0,0.092,7285.66
2025-12-10T22:46:07.928443,308,483.36,success,200,0,0.167,7223.17
2025-12-10T22:46:12.451317,313,474.56,success,200,0,0.155,7043.89
2025-12-10T22:46:12.393039,311,478.4,success,200,0,0.02,7104.96
2025-12-10T22:46:12.404888,312,478.09,success,200,0,0.816,7145.67
2025-12-10T22:46:12.378509,309,487.66,success,200,0,0.809,7195.41
2025-12-10T22:46:12.391453,310,486.89,success,200,0,0.137,7218.05
2025-12-10T22:46:15.179879,314,482.2,success,200,0,0.071,7199.37
2025-12-10T22:46:19.570771,315,397.31,success,200,0,0.038,5823.52
2025-12-10T22:46:19.695198,319,389.81,success,200,0,0.874,5823.8
2025-12-10T22:46:19.570981,316,398.17,success,200,0,0.608,5839.18
2025-12-10T22:46:19.694117,318,391.74,success,200,0,0.51,5848.79
2025-12-10T22:46:19.577371,317,400.89,success,200,0,0.921,5886.59
2025-12-10T22:46:25.544596,323,399.59,success,200,0,0.529,5960.81
2025-12-10T22:46:22.414426,320,613.39,success,200,1,0.389,6067.26
2025-12-10T22:46:25.532896,321,407.13,success,200,0,0.198,6067.04
2025-12-10T22:46:25.543687,322,406.49,success,200,0,0.717,6070.61
2025-12-10T22:46:25.571231,324,411.23,success,200,0,0.26,6051.8
2025-12-10T22:46:25.591284,325,667.48,timeout,0,1,,
2025-12-10T22:46:31.641150,328,417.39,success,200,0,0.392,6144.38
2025-12-10T22:46:31.616144,327,419.08,success,200,0,0.128,6144.32
2025-12-10T22:46:31.542628,326,432.97,success,200,0,0.745,6452.48
2025-12-10T22:46:31.642024,329,426.31,success,200,0,0.523,6227.28
2025-12-10T22:46:35.605077,331,316.33,success,200,0,0.237,4703.6
2025-12-10T22:46:31.740349,330,667.56,timeout,0,1,,
2025-12-10T22:46:37.904127,332,429.88,success,200,0,0.821,6297.8
2025-12-10T22:46:37.904317,333,429.82,success,200,0,0.462,6420.07
2025-12-10T22:46:38.037678,334,423.4,success,200,0,0.257,6322.55
2025-12-10T22:46:41.754552,337,388.77,success,200,0,0.017,5800.27
2025-12-10T22:46:40.351497,336,482.78,success,200,0,0.877,7218.66
2025-12-10T22:46:38.038156,335,667.66,timeout,0,1,,
2025-12-10T22:46:44.389699,340,504.97,success,200,1,0.955,7526.81
2025-12-10T22:46:44.353337,338,512.63,success,200,1,0.082,7655.74
2025-12-10T22:46:44.353935,339,512.66,success,200,1,0.924,7660.6
2025-12-10T22:46:48.053727,343,495.35,success,200,0,0.904,7403.23
2025-12-10T22:46:47.593609,342,528.62,success,200,1,0.068,7902.27
2025-12-10T22:46:47.587145,341,529.08,success,200,1,0.659,7902.04
2025-12-10T22:46:52.043950,345,472.59,success,200,0,0.011,7060.46
2025-12-10T22:46:52.044701,346,474.64,success,200,0,0.005,7085.49
2025-12-10T22:46:51.965424,344,485.11,success,200,0,0.964,7237.34
2025-12-10T22:46:55.524295,349,480.61,success,200,0,0.303,7174.99
2025-12-10T22:46:55.486088,347,484.93,success,200,0,0.054,7233.21
2025-12-10T22:46:55.524071,348,487.9,success,200,0,0.953,7279.58
2025-12-10T22:46:59.165411,351,478.7,success,200,0,0.259,7132.29
2025-12-10T22:46:59.243427,352,473.44,success,200,0,0.673,7055.49
2025-12-10T22:46:59.135470,350,480.59,success,200,0,0.818,7094.3
2025-12-10T22:47:06.347330,356,212.67,error,500,1,,
2025-12-10T22:47:02.735775,353,453.5,success,200,0,0.311,6755.84
2025-12-10T22:47:02.844062,355,447.77,success,200,0,0.884,6690.1
2025-12-10T22:47:02.761369,354,456.31,success,200,0,0.375,6804.92
2025-12-10T22:47:06.348875,358,423.33,success,200,0,0.699,6317.18
2025-12-10T22:47:06.347569,357,430.38,success,200,0,0.869,6425.13
2025-12-10T22:47:09.542183,360,478.57,success,200,0,0.416,7135.89
2025-12-10T22:47:09.561447,361,478.13,success,200,0,0.543,7133.27
2025-12-10T22:47:09.539374,359,486.06,success,200,0,0.02,7206.71
2025-12-10T22:47:09.607373,362,481.64,success,200,0,0.511,7107.97
2025-12-10T22:47:12.804015,364,477.93,success,200,0,0.538,7098.79
2025-12-10T22:47:12.700465,363,487.27,success,200,0,0.588,7276.72
2025-12-10T22:47:16.734263,366,476.31,success,200,0,0.447,7032.66
2025-12-10T22:47:16.722293,365,477.92,success,200,0,0.857,7055.47
2025-12-10T22:47:16.834476,367,471.68,success,200,0,0.885,7035.57
2025-12-10T22:47:16.835467,368,474.25,success,200,0,0.003,7087.76
2025-12-10T22:47:20.010894,370,472.61,success,200,0,0.184,7065.05
2025-12-10T22:47:19.975845,369,473.64,success,200,0,0.291,7068.76
2025-12-10T22:47:23.950175,374,447.85,success,200,0,0.202,6657.76
2025-12-10T22:47:23.910608,373,451.2,success,200,0,0.849,6739.46
2025-12-10T22:47:23.880488,371,455.59,success,200,0,0.825,6810.21
2025-12-10T22:47:23.891940,372,459.03,success,200,0,0.157,6856.74
2025-12-10T22:47:27.148777,375,395.51,success,200,0,0.111,5852.97
2025-12-10T22:47:27.174056,376,632.21,success,200,1,0.749,6012.77
2025-12-10T22:47:30.715071,379,402.52,success,200,0,0.628,5931.87
2025-12-10T22:47:30.670169,377,405.55,success,200,0,0.536,5990.58
2025-12-10T22:47:30.778241,380,398.36,success,200,0,0.278,5897.84
2025-12-10T22:47:30.678917,378,585.13,success,200,1,0.595,6375.08
2025-12-10T22:47:33.082504,381,667.54,timeout,0,1,,
2025-12-10T22:47:36.755001,384,504.02,success,200,1,0.08,7536.99
2025-12-10T22:47:36.754325,383,505.2,success,200,1,0.571,7554.01
2025-12-10T22:47:36.755319,385,505.16,success,200,1,0.884,7545.66
2025-12-10T22:47:36.662772,382,513.06,success,200,1,0.27,7586.28
2025-12-10T22:47:43.097027,387,292.63,success,200,0,0.552,4329.34
2025-12-10T22:47:39.457515,386,539.93,success,200,1,0.574,8066.92
2025-12-10T22:47:44.317400,388,422.83,success,200,0,0.615,6307.61
2025-12-10T22:47:44.333597,390,423.99,success,200,0,0.398,6333.1
2025-12-10T22:47:44.359340,391,422.2,success,200,0,0.414,6306.49
2025-12-10T22:47:44.333165,389,426.03,success,200,0,0.813,6363.29
2025-12-10T22:47:47.557737,393,398.7,success,200,0,0.992,5953.1
2025-12-10T22:47:47.488510,392,404.17,success,200,0,0.13,6026.92
2025-12-10T22:47:50.694088,395,433.65,success,200,0,0.1,6401.48
2025-12-10T22:47:50.662108,394,435.76,success,200,0,0.401,6359.68
2025-12-10T22:47:50.694874,396,433.62,success,200,0,0.879,6419.95
2025-12-10T22:47:53.552021,399,470.38,success,200,0,0.445,7020.81
2025-12-10T22:47:53.539869,398,477.79,success,200,0,0.164,7134.14
2025-12-10T22:47:50.724762,397,665.52,success,200,1,0.926,7164.32
2025-12-10T22:47:57.199757,400,467.78,success,200,0,0.288,6975.9
2025-12-10T22:47:57.200703,402,471.85,success,200,0,0.974,7046.73
2025-12-10T22:47:57.199884,401,475.77,success,200,0,0.379,7114.66
2025-12-10T22:48:00.708023,404,474.42,success,200,0,0.506,6087.56
2025-12-10T22:48:00.708145,405,474.67,success,200,0,0.123,6092.31
2025-12-10T22:48:00.609907,403,486.47,success,200,0,0.019,7262.3
2025-12-10T22:48:04.278681,407,476.22,success,200,0,0.564,7121.2
2025-12-10T22:48:04.217591,406,482.21,success,200,0,0.889,7197.81
2025-12-10T22:48:04.336715,408,478.18,success,200,0,0.808,7140.37
2025-12-10T22:48:07.908616,411,452.9,success,200,0,0.172,6719.31
2025-12-10T22:48:07.828936,410,459.01,success,200,0,0.947,6855.67
2025-12-10T22:48:07.826623,409,459.9,success,200,0,0.037,6872.51
2025-12-10T22:48:11.451660,413,368.37,success,200,0,0.075,5498.72
2025-12-10T22:48:11.423700,412,380.73,success,200,0,0.628,5628.19
2025-12-10T22:48:14.703607,415,318.0,success,200,0,0.737,4692.59
2025-12-10T22:48:14.715235,416,319.86,success,200,0,0.482,4772.32
2025-12-10T22:48:11.511103,414,667.75,timeout,0,1,,
2025-12-10T22:48:14.726220,417,503.33,success,200,1,0.331,5193.96
2025-12-10T22:48:21.529103,422,256.85,success,200,0,0.579,3823.26
2025-12-10T22:48:19.513613,421,400.85,success,200,0,0.588,5939.62
2025-12-10T22:48:19.474968,420,403.45,success,200,0,0.962,6016.69
2025-12-10T22:48:16.979382,418,668.42,timeout,0,1,,
2025-12-10T22:48:17.136006,419,667.58,timeout,0,1,,
2025-12-10T22:48:25.383635,424,457.39,success,200,0,0.161,6819.27
2025-12-10T22:48:27.007208,427,353.71,success,200,0,0.634,5194.91
2025-12-10T22:48:25.528084,426,452.54,success,200,0,0.369,6759.86
2025-12-10T22:48:22.277510,423,673.49,timeout,0,1,,
2025-12-10T22:48:25.527380,425,459.26,success,200,0,0.926,6783.24
2025-12-10T22:48:27.150435,428,552.84,success,200,1,0.995,7184.95
2025-12-10T22:48:32.317564,431,445.41,success,200,0,0.916,6567.36
2025-12-10T22:48:32.247584,429,450.92,success,200,0,0.405,6696.4
2025-12-10T22:48:32.314255,430,448.56,success,200,0,0.74,6616.44
2025-12-10T22:48:32.380928,432,450.37,success,200,0,0.466,6705.76
2025-12-10T22:48:35.445155,434,401.56,success,200,0,0.663,5953.46
2025-12-10T22:48:32.417483,433,667.77,timeout,0,1,,
2025-12-10T22:48:39.043507,437,436.1,success,200,0,0.466,6385.99
2025-12-10T22:48:39.001121,435,438.95,success,200,0,0.729,6414.62
2025-12-10T22:48:39.137716,438,429.86,success,200,0,0.804,6212.06
2025-12-10T22:48:41.470044,439,454.31,success,200,0,0.785,6780.26
2025-12-10T22:48:42.435418,440,392.47,success,200,0,0.01,5857.61
2025-12-10T22:48:39.011954,436,667.54,timeout,0,1,,
2025-12-10T22:48:45.586844,441,402.55,success,200,0,0.052,5931.44
2025-12-10T22:48:45.587652,443,402.51,success,200,0,0.098,5932.69
2025-12-10T22:48:49.026415,446,348.08,success,200,0,0.454,5191.79
2025-12-10T22:48:48.324087,445,401.29,success,200,0,0.614,5995.36
2025-12-10T22:48:45.587340,442,667.33,timeout,0,1,,
2025-12-10T22:48:51.626327,448,439.49,success,200,0,0.408,6571.1
2025-12-10T22:48:48.287658,444,667.7,timeout,0,1,,
2025-12-10T22:48:51.625967,447,667.52,timeout,0,1,,
2025-12-10T22:48:55.599208,451,440.21,success,200,0,0.825,6575.24
2025-12-10T22:48:54.343957,450,524.56,success,200,1,0.863,7758.4
2025-12-10T22:48:54.248559,449,537.79,success,200,1,0.931,8009.22
2025-12-10T22:48:58.308324,453,482.99,success,200,0,0.7,7202.13
2025-12-10T22:48:58.220202,452,488.82,success,200,0,0.078,7194.22
2025-12-10T22:49:02.204175,455,453.41,success,200,0,0.573,6768.19
2025-12-10T22:49:01.641301,454,492.22,success,200,0,0.873,6812.03
2025-12-10T22:49:02.213200,456,454.12,success,200,0,0.291,6693.62
2025-12-10T22:49:02.316282,457,454.36,success,200,0,0.586,6778.67
2025-12-10T22:49:05.556005,459,395.58,success,200,0,0.56,5821.47
2025-12-10T22:49:09.026219,462,426.88,success,200,0,0.237,6244.27
2025-12-10T22:49:09.132647,463,420.86,success,200,0,0.832,6282.87
2025-12-10T22:49:09.007645,460,430.36,success,200,0,0.992,6429.47
2025-12-10T22:49:05.555269,458,662.44,success,200,1,0.86,6458.27
2025-12-10T22:49:09.025602,461,640.14,success,200,1,0.002,7220.24
2025-12-10T22:49:11.490418,464,481.68,success,200,0,0.297,7199.53
2025-12-10T22:49:15.430884,465,454.25,success,200,0,0.559,6704.66
2025-12-10T22:49:15.463896,467,452.11,success,200,0,0.998,6715.79
2025-12-10T22:49:15.492650,468,452.3,success,200,0,0.45,6742.03
2025-12-10T22:49:15.446400,466,457.85,success,200,0,0.161,6835.13
2025-12-10T22:49:18.628542,469,407.07,success,200,0,0.213,6081.62
2025-12-10T22:49:22.278424,473,420.97,success,200,0,0.465,6290.14
2025-12-10T22:49:18.716192,470,662.34,success,200,1,0.83,6338.86
2025-12-10T22:49:22.247771,471,428.17,success,200,0,0.997,6394.3
2025-12-10T22:49:22.315672,474,424.87,success,200,0,0.446,6345.74
2025-12-10T22:49:24.737013,475,469.14,success,200,0,0.983,6881.69
2025-12-10T22:49:22.248384,472,641.63,success,200,1,0.666,7131.89
2025-12-10T22:49:28.689059,479,479.02,success,200,0,0.49,7119.25
2025-12-10T22:49:28.670710,478,480.21,success,200,0,0.572,7105.4
2025-12-10T22:49:28.594279,476,485.36,success,200,0,0.435,7229.89
2025-12-10T22:49:28.651800,477,482.29,success,200,0,0.127,7207.04
2025-12-10T22:49:31.774477,480,433.2,success,200,0,0.061,6474.8
2025-12-10T22:49:31.873295,481,426.85,success,200,0,0.779,6376.19
2025-12-10T22:49:35.876667,484,288.01,success,200,0,0.944,4291.74
2025-12-10T22:49:35.875675,482,293.32,success,200,0,0.195,4372.34
2025-12-10T22:49:35.875884,483,419.94,success,200,0,0.133,3892.65
2025-12-10T22:49:40.276650,489,340.5,success,200,0,0.854,5068.68
2025-12-10T22:49:40.199303,488,345.63,success,200,0,0.03,5144.14
2025-12-10T22:49:35.886679,485,634.42,success,200,1,0.873,5126.89
2025-12-10T22:49:38.276269,487,667.47,timeout,0,1,,
2025-12-10T22:49:38.273231,486,667.69,timeout,0,1,,
2025-12-10T22:49:42.177773,490,480.18,success,200,0,0.57,7168.08
2025-12-10T22:49:45.385139,491,614.29,success,200,1,0.44,9145.15
2025-12-10T22:49:45.403982,493,613.0,success,200,1,0.779,9124.67
2025-12-10T22:49:48.289807,495,420.7,success,200,0,0.597,6260.95
2025-12-10T22:49:48.289222,494,422.67,success,200,0,0.874,6313.07
2025-12-10T22:49:45.385874,492,617.76,success,200,1,0.609,9239.77
2025-12-10T22:49:49.383331,496,514.19,success,200,1,0.671,7681.93
2025-12-10T22:49:54.601264,498,396.46,success,200,0,0.849,5888.43
2025-12-10T22:49:54.600975,497,396.51,success,200,0,0.07,5892.31
2025-12-10T22:49:54.630465,500,397.26,success,200,0,0.36,5926.16
2025-12-10T22:49:54.601819,499,401.06,success,200,0,0.99,5984.36
2025-12-10T22:49:57.098434,502,424.27,success,200,0,0.407,6312.22
2025-12-10T22:49:54.652744,501,673.23,timeout,0,1,,
2025-12-10T22:50:00.590756,505,504.43,success,200,1,0.303,7537.53
2025-12-10T22:50:00.553056,504,509.25,success,200,1,0.236,7574.29
2025-12-10T22:50:00.551673,503,509.63,success,200,1,0.684,7617.17
2025-12-10T22:50:00.618101,506,509.67,success,200,1,0.26,7610.31
2025-12-10T22:50:04.751643,508,456.39,success,200,0,0.432,6638.26
2025-12-10T22:50:03.464066,507,542.25,success,200,1,0.333,7941.41
2025-12-10T22:50:08.196723,511,477.64,success,200,0,0.176,7140.15
2025-12-10T22:50:08.159647,509,482.98,success,200,0,0.771,7219.04
2025-12-10T22:50:08.192769,510,482.54,success,200,0,0.431,7209.98
2025-12-10T22:50:08.263761,512,478.42,success,200,0,0.557,7152.77
2025-12-10T22:50:11.598323,514,466.77,success,200,0,0.896,6969.47
2025-12-10T22:50:11.598194,513,468.9,success,200,0,0.475,7007.05
2025-12-10T22:50:15.363003,515,480.29,success,200,0,0.822,7095.12
2025-12-10T22:50:15.405799,516,477.49,success,200,0,0.154,7095.75
2025-12-10T22:50:15.441043,518,476.62,success,200,0,0.187,7119.47
2025-12-10T22:50:15.431803,517,479.75,success,200,0,0.799,7164.86
2025-12-10T22:50:18.632906,520,479.37,success,200,0,0.2,7154.85
2025-12-10T22:50:18.601396,519,481.89,success,200,0,0.669,6696.64
2025-12-10T22:50:22.591613,523,453.23,success,200,0,0.531,6769.96
2025-12-10T22:50:22.629119,524,451.4,success,200,0,0.179,6728.64
2025-12-10T22:50:22.570071,522,457.61,success,200,0,0.509,6836.5
2025-12-10T22:50:22.569899,521,459.85,success,200,0,0.648,6853.74
2025-12-10T22:50:25.825586,525,399.55,success,200,0,0.253,5946.08
2025-12-10T22:50:29.435575,529,402.19,success,200,0,0.742,5923.19
2025-12-10T22:50:25.830356,526,642.59,success,200,1,0.035,6003.09
2025-12-10T22:50:29.392366,527,405.04,success,200,0,0.639,5955.09
2025-12-10T22:50:29.401087,528,405.19,success,200,0,0.419,6042.42
2025-12-10T22:50:31.819668,531,432.26,success,200,0,0.299,6417.1
2025-12-10T22:50:29.468504,530,667.67,timeout,0,1,,
2025-12-10T22:50:35.470378,533,503.21,success,200,1,0.328,7499.99
2025-12-10T22:50:35.470163,532,503.26,success,200,1,0.135,7469.58
2025-12-10T22:50:35.479693,535,502.66,success,200,1,0.836,7509.43
2025-12-10T22:50:35.471029,534,505.37,success,200,1,0.916,7554.25
2025-12-10T22:50:38.305169,536,527.04,success,200,1,0.672,7872.9
2025-12-10T22:50:39.484002,537,452.47,success,200,0,0.783,6762.49
2025-12-10T22:50:43.052163,541,474.33,success,200,0,0.194,7086.06
2025-12-10T22:50:43.020443,539,477.54,success,200,0,0.16,7122.83
2025-12-10T22:50:43.021402,540,477.69,success,200,0,0.318,7122.04
2025-12-10T22:50:43.020271,538,489.34,success,200,0,0.701,7223.69
2025-12-10T22:50:46.272255,543,452.9,success,200,0,0.773,6765.74
2025-12-10T22:50:46.212787,542,457.43,success,200,0,0.808,6837.74
2025-12-10T22:50:50.184596,545,431.0,success,200,0,0.447,6362.22
2025-12-10T22:50:50.361740,547,421.0,success,200,0,0.305,6286.78
2025-12-10T22:50:50.169935,544,433.76,success,200,0,0.552,6481.28
2025-12-10T22:50:50.187517,546,667.72,timeout,0,1,,
2025-12-10T22:50:53.066441,548,476.26,success,200,0,0.114,7071.32
2025-12-10T22:50:53.074488,549,476.7,success,200,0,0.301,7116.69
2025-12-10T22:50:56.650576,550,448.27,success,200,0,0.061,6688.7
2025-12-10T22:50:56.677234,551,446.54,success,200,0,0.723,6660.15
2025-12-10T22:50:56.677393,552,452.54,success,200,0,0.882,6737.26
2025-12-10T22:51:00.210603,554,426.73,success,200,0,0.182,6363.56
2025-12-10T22:51:00.204211,553,427.18,success,200,0,0.924,6319.04
2025-12-10T22:51:03.466551,558,419.52,success,200,0,0.324,6235.54
2025-12-10T22:51:03.377831,556,427.33,success,200,0,0.309,6303.86
2025-12-10T22:51:00.225201,555,641.08,success,200,1,0.813,6399.14
2025-12-10T22:51:03.381810,557,431.76,success,200,0,0.023,6353.98
2025-12-10T22:51:09.788714,562,400.69,success,200,0,0.576,5980.3
2025-12-10T22:51:06.613127,560,612.36,success,200,1,0.463,5941.26
2025-12-10T22:51:09.858912,564,396.24,success,200,0,0.314,5882.07
2025-12-10T22:51:06.612675,559,617.76,success,200,1,0.933,6088.93
2025-12-10T22:51:09.760741,561,408.68,success,200,0,0.972,6098.35
2025-12-10T22:51:09.842165,563,667.73,timeout,0,1,,
2025-12-10T22:51:15.804167,567,506.59,success,200,1,0.922,7440.9
2025-12-10T22:51:15.891968,569,503.22,success,200,1,0.548,7514.02
2025-12-10T22:51:15.800286,566,509.63,success,200,1,0.415,7610.84
2025-12-10T22:51:15.880059,568,504.36,success,200,1,0.496,7538.67
2025-12-10T22:51:15.800065,565,512.52,success,200,1,0.677,7661.06
2025-12-10T22:51:19.858777,570,426.23,success,200,0,0.705,6361.29
2025-12-10T22:51:23.488977,575,470.21,success,200,0,0.228,7022.98
2025-12-10T22:51:23.446004,573,475.54,success,200,0,0.534,7109.09
2025-12-10T22:51:23.440977,572,475.98,success,200,0,0.213,7115.78
2025-12-10T22:51:23.446794,574,475.88,success,200,0,0.507,7107.11
2025-12-10T22:51:23.405224,571,482.98,success,200,0,0.209,7205.36
2025-12-10T22:51:26.253942,576,478.43,success,200,0,0.529,7141.07
2025-12-10T22:51:30.650477,581,474.3,success,200,0,0.944,7004.81
2025-12-10T22:51:30.585492,580,478.75,success,200,0,0.638,7114.4
2025-12-10T22:51:30.543248,577,483.5,success,200,0,0.047,7228.43
2025-12-10T22:51:30.581417,579,482.23,success,200,0,0.771,7211.91
2025-12-10T22:51:30.579615,578,482.83,success,200,0,0.599,7220.54
2025-12-10T22:51:33.431529,582,449.73,success,200,0,0.337,6692.37
2025-12-10T22:51:37.822628,587,426.24,success,200,0,0.014,6370.13
2025-12-10T22:51:37.766822,583,430.58,success,200,0,0.543,6434.02
2025-12-10T22:51:37.797474,585,430.18,success,200,0,0.796,6423.83
2025-12-10T22:51:37.767787,584,440.2,success,200,0,0.85,6477.53
2025-12-10T22:51:37.815770,586,614.27,success,200,1,0.423,6874.52
2025-12-10T22:51:40.178680,588,456.72,success,200,0,0.459,6766.12
2025-12-10T22:51:44.226031,590,396.19,success,200,0,0.107,5915.93
2025-12-10T22:51:44.218516,589,401.97,success,200,0,0.349,5998.02
2025-12-10T22:51:44.250943,591,400.31,success,200,0,0.418,5872.71
2025-12-10T22:51:47.030426,593,427.88,success,200,0,0.333,6396.57
2025-12-10T22:51:44.372075,592,608.29,success,200,1,0.873,6466.08
2025-12-10T22:51:47.030820,594,667.59,timeout,0,1,,
2025-12-10T22:51:50.171232,595,508.52,success,200,1,0.475,7598.99
2025-12-10T22:51:50.248837,596,509.77,success,200,1,0.48,7615.49
2025-12-10T22:51:50.256431,597,516.75,success,200,1,0.079,7670.55
2025-12-10T22:51:53.449961,598,533.25,success,200,1,0.729,7970.04
2025-12-10T22:51:53.496917,599,534.1,success,200,1,0.336,7927.64
2025-12-10T22:51:57.046812,600,297.81,success,200,0,0.14,4433.05
2025-12-10T22:51:57.896396,602,470.29,success,200,0,0.645,7030.51
2025-12-10T22:51:58.008642,603,466.81,success,200,0,0.314,6976.07
2025-12-10T22:51:57.800678,601,482.12,success,200,0,0.363,7200.6
2025-12-10T22:52:01.514741,606,470.59,success,200,0,0.284,7026.02
2025-12-10T22:52:01.509503,605,475.55,success,200,0,0.151,7097.74
2025-12-10T22:52:01.450617,604,483.98,success,200,0,0.484,7219.43
2025-12-10T22:52:05.033458,609,475.27,success,200,0,0.34,7096.42
2025-12-10T22:52:04.953479,607,486.85,success,200,0,0.729,7264.17
2025-12-10T22:52:05.012255,608,484.73,success,200,0,0.592,7234.22
2025-12-10T22:52:08.575644,610,433.94,success,200,0,0.631,6412.42
2025-12-10T22:52:08.644268,611,429.39,success,200,0,0.917,6321.05
2025-12-10T22:52:08.711513,612,424.92,success,200,0,0.036,6316.49
2025-12-10T22:52:12.164908,613,349.54,success,200,0,0.645,5140.31
2025-12-10T22:52:12.257591,614,611.81,success,200,1,0.496,6309.54
2025-12-10T22:52:15.085904,617,423.24,success,200,0,0.402,6251.39
2025-12-10T22:52:15.085794,616,423.28,success,200,0,0.59,6258.39
2025-12-10T22:52:15.086606,618,425.67,success,200,0,0.909,6352.81
2025-12-10T22:52:12.284394,615,667.87,timeout,0,1,,
2025-12-10T22:52:17.409579,619,476.3,success,200,0,0.098,7118.35
2025-12-10T22:52:21.472330,623,470.4,success,200,0,0.041,7007.46
2025-12-10T22:52:21.435631,621,473.13,success,200,0,0.088,7072.19
2025-12-10T22:52:21.435532,620,474.49,success,200,0,0.949,7058.07
2025-12-10T22:52:21.436409,622,475.81,success,200,0,0.876,7116.19
2025-12-10T22:52:24.556040,625,455.06,success,200,0,0.075,6783.54
2025-12-10T22:52:22.303728,624,610.66,success,200,1,0.13,6906.11
2025-12-10T22:52:28.530604,626,427.92,success,200,0,0.53,6374.87
2025-12-10T22:52:28.574142,629,426.27,success,200,0,0.454,6369.54
2025-12-10T22:52:28.533323,627,431.94,success,200,0,0.444,6452.33
2025-12-10T22:52:31.464771,631,448.97,success,200,0,0.461,6624.66
2025-12-10T22:52:28.554135,628,643.51,success,200,1,0.238,6825.03
2025-12-10T22:52:31.385016,630,455.15,success,200,0,0.026,6800.67
2025-12-10T22:52:34.950056,632,429.15,success,200,0,0.111,6410.71
2025-12-10T22:52:35.012747,634,425.28,success,200,0,0.932,6331.66
2025-12-10T22:52:34.968423,633,667.45,timeout,0,1,,
2025-12-10T22:52:38.212962,637,475.63,success,200,0,0.843,7098.73
2025-12-10T22:52:38.201709,635,478.07,success,200,0,0.121,7141.12
2025-12-10T22:52:38.207587,636,483.61,success,200,0,0.665,7219.96
2025-12-10T22:52:41.388592,638,428.38,success,200,0,0.763,6365.99
2025-12-10T22:52:41.392821,639,428.11,success,200,0,0.777,6367.34
2025-12-10T22:52:45.373820,642,317.77,success,200,0,0.021,4675.79
2025-12-10T22:52:44.982870,640,350.19,success,200,0,0.504,4862.87
2025-12-10T22:52:45.462881,643,500.44,success,200,1,0.231,5181.47
2025-12-10T22:52:45.348992,641,513.93,success,200,1,0.781,5231.07
2025-12-10T22:52:50.143130,646,427.7,success,200,0,0.074,6351.74
2025-12-10T22:52:47.814919,644,584.32,success,200,1,0.873,6438.6
2025-12-10T22:52:50.236784,647,424.44,success,200,0,0.281,6340.87
2025-12-10T22:52:47.815272,645,667.6,timeout,0,1,,
2025-12-10T22:52:53.058983,649,506.22,success,200,1,0.259,7485.64
2025-12-10T22:52:52.973409,648,512.0,success,200,1,0.867,7520.45
2025-12-10T22:52:56.580730,651,534.59,success,200,1,0.489,7967.79
2025-12-10T22:52:57.830245,653,451.25,success,200,0,0.552,6652.53
2025-12-10T22:52:56.561281,650,535.9,success,200,1,0.678,7943.98
2025-12-10T22:52:56.604291,652,534.55,success,200,1,0.896,7988.13
2025-12-10T22:53:00.655371,654,447.82,success,200,0,0.94,6684.13
2025-12-10T22:53:00.656217,655,451.26,success,200,0,0.674,6733.22
2025-12-10T22:53:04.602852,657,364.98,success,200,0,0.137,5441.21
2025-12-10T22:53:04.601564,656,366.69,success,200,0,0.004,5469.62
2025-12-10T22:53:04.603407,658,374.49,success,200,0,0.756,5581.21
2025-12-10T22:53:04.623592,659,477.54,success,200,0,0.024,4363.26
2025-12-10T22:53:07.374217,660,449.94,success,200,0,0.247,4021.26
2025-12-10T22:53:10.221797,664,262.24,success,200,0,0.799,3911.7
2025-12-10T22:53:07.426164,661,631.85,success,200,1,0.046,5112.76
2025-12-10T22:53:11.787645,665,344.86,success,200,0,0.154,5149.97
2025-12-10T22:53:10.079306,662,667.51,timeout,0,1,,
2025-12-10T22:53:10.102539,663,667.51,timeout,0,1,,
2025-12-10T22:53:14.157769,667,480.75,success,200,0,0.843,7138.66
2025-12-10T22:53:14.156067,666,480.83,success,200,0,0.279,7034.7
2025-12-10T22:53:20.116237,671,399.66,success,200,0,0.951,5969.03
2025-12-10T22:53:16.905639,668,614.25,success,200,1,0.312,9157.75
2025-12-10T22:53:20.093397,670,405.51,success,200,0,0.378,6045.65
2025-12-10T22:53:16.961696,669,618.34,success,200,1,0.189,9251.32
2025-12-10T22:53:21.371907,673,530.88,success,200,1,0.359,7934.73
2025-12-10T22:53:21.371006,672,534.76,success,200,1,0.213,7979.45
2025-12-10T22:53:26.113282,674,481.64,success,200,0,0.077,7163.34
2025-12-10T22:53:26.177582,676,484.29,success,200,0,0.221,7220.44
2025-12-10T22:53:26.238708,677,480.18,success,200,0,0.902,7080.86
2025-12-10T22:53:26.120219,675,488.04,success,200,0,0.58,7219.79
2025-12-10T22:53:29.336707,678,429.27,success,200,0,0.205,6406.7
2025-12-10T22:53:29.393346,679,429.58,success,200,0,0.562,6394.08
2025-12-10T22:53:33.468492,683,311.64,success,200,0,0.823,4507.92
2025-12-10T22:53:33.360430,680,322.76,success,200,0,0.558,4737.39
2025-12-10T22:53:33.465090,682,498.83,success,200,0,0.547,5130.51
2025-12-10T22:53:35.837252,684,343.84,success,200,0,0.509,4806.72
2025-12-10T22:53:33.442497,681,677.55,timeout,0,1,,
2025-12-10T22:53:38.226853,687,429.47,success,200,0,0.188,6088.02
2025-12-10T22:53:38.205004,686,430.88,success,200,0,0.811,6369.24
2025-12-10T22:53:36.073303,685,672.75,timeout,0,1,,
2025-12-10T22:53:40.996395,689,455.29,success,200,0,0.816,6767.43
2025-12-10T22:53:40.949797,688,458.47,success,200,0,0.665,6795.2
2025-12-10T22:53:46.165425,693,292.79,success,200,0,0.617,4362.94
2025-12-10T22:53:43.607793,690,468.43,success,200,0,0.075,6009.09
2025-12-10T22:53:47.829510,694,394.3,success,200,0,0.359,5885.88
2025-12-10T22:53:47.830389,695,395.09,success,200,0,0.4,5899.08
2025-12-10T22:53:44.671526,691,613.72,success,200,1,0.725,6091.85
2025-12-10T22:53:44.671943,692,667.92,timeout,0,1,,
2025-12-10T22:53:50.635964,697,426.94,success,200,0,0.854,6267.9
2025-12-10T22:53:53.879073,700,445.48,success,200,0,0.646,6654.12
2025-12-10T22:53:50.559014,696,667.61,timeout,0,1,,
2025-12-10T22:53:54.692307,701,392.46,success,200,0,0.671,5858.45
2025-12-10T22:53:53.747697,698,456.47,success,200,0,0.472,6817.1
2025-12-10T22:53:53.757687,699,638.5,success,200,1,0.239,6371.84
2025-12-10T22:53:57.042237,702,668.49,timeout,0,1,,
2025-12-10T22:54:00.564104,703,451.54,success,200,0,0.537,6743.73
2025-12-10T22:54:00.579487,704,455.12,success,200,0,0.962,6773.21
2025-12-10T22:54:00.595083,706,461.42,success,200,0,0.355,6739.76
2025-12-10T22:54:00.580902,705,462.4,success,200,0,0.987,6816.13
2025-12-10T22:54:03.336440,707,593.91,success,200,1,0.615,4860.23
2025-12-10T22:54:07.517745,711,316.01,success,200,0,0.299,4708.76
2025-12-10T22:54:07.339328,709,328.16,success,200,0,0.51,4808.66
2025-12-10T22:54:07.072130,708,348.57,success,200,0,0.558,4963.24
2025-12-10T22:54:07.518156,712,498.49,error,500,1,,
2025-12-10T22:54:12.301041,716,185.02,success,200,0,0.51,2749.67
2025-12-10T22:54:07.407081,710,518.6,success,200,1,0.055,2943.4
2025-12-10T22:54:15.186806,719,179.11,success,200,0,0.781,2660.84
2025-12-10T22:54:12.246884,713,383.79,success,200,0,0.338,2967.78
2025-12-10T22:54:12.258643,714,383.8,success,200,0,0.544,2799.21
2025-12-10T22:54:12.262438,715,667.77,timeout,0,1,,
2025-12-10T22:54:17.874720,720,372.77,success,200,0,0.609,5569.78
2025-12-10T22:54:14.996719,717,567.3,success,200,1,0.538,5519.68
2025-12-10T22:54:18.016008,722,368.23,success,200,0,0.196,5486.59
2025-12-10T22:54:18.004057,721,370.77,success,200,0,0.535,5539.53
2025-12-10T22:54:15.077482,718,667.69,timeout,0,1,,
2025-12-10T22:54:22.280422,723,301.47,success,200,0,0.078,4489.62
2025-12-10T22:54:23.506732,725,560.52,success,200,1,0.179,8384.7
2025-12-10T22:54:23.566306,727,556.91,success,200,1,0.401,8320.08
2025-12-10T22:54:23.540070,726,562.11,success,200,1,0.643,8393.07
2025-12-10T22:54:25.093811,728,460.15,success,200,0,0.993,6872.65
2025-12-10T22:54:23.468515,724,568.54,success,200,1,0.938,8368.58
2025-12-10T22:54:26.803762,729,509.71,success,200,1,0.488,7551.52
2025-12-10T22:54:31.920761,731,455.09,success,200,0,0.052,6791.79
2025-12-10T22:54:31.918495,730,458.6,success,200,0,0.792,6847.78
2025-12-10T22:54:31.974644,732,455.08,success,200,0,0.524,6795.63
2025-12-10T22:54:31.997257,733,454.17,success,200,0,0.48,6782.39
2025-12-10T22:54:31.997496,734,454.83,success,200,0,0.168,6794.16
2025-12-10T22:54:34.450566,735,484.34,success,200,0,0.081,7132.75
2025-12-10T22:54:38.798777,737,473.67,success,200,0,0.186,7078.83
2025-12-10T22:54:38.750335,736,478.7,success,200,0,0.629,7152.44
2025-12-10T22:54:38.810519,739,477.25,success,200,0,0.946,7129.26
2025-12-10T22:54:38.801548,738,480.84,success,200,0,0.492,7181.25
2025-12-10T22:54:38.820797,740,482.32,success,200,0,0.665,7211.63
2025-12-10T22:54:41.716953,741,440.48,success,200,0,0.44,6542.12
2025-12-10T22:54:45.969633,744,423.4,success,200,0,0.317,6326.23
2025-12-10T22:54:45.905490,742,431.83,success,200,0,0.222,6454.18
2025-12-10T22:54:45.931138,743,432.58,success,200,0,0.108,6463.61
2025-12-10T22:54:46.014515,745,428.18,success,200,0,0.12,6373.73
2025-12-10T22:54:46.056128,746,618.97,success,200,1,0.687,6863.07
2025-12-10T22:54:48.353505,747,465.87,success,200,0,0.333,6736.78
2025-12-10T22:54:52.383987,749,399.87,success,200,0,0.837,5889.68
2025-12-10T22:54:52.420543,750,397.49,success,200,0,0.521,5862.36
2025-12-10T22:54:52.322559,748,406.2,success,200,0,0.301,5990.84
2025-12-10T22:54:52.437901,751,552.68,success,200,1,0.96,5567.57
2025-12-10T22:54:55.344106,753,359.83,success,200,0,0.779,5370.27
2025-12-10T22:54:55.343409,752,552.17,success,200,1,0.863,5173.24
2025-12-10T22:54:58.384261,755,349.49,success,200,0,0.001,5205.05
2025-12-10T22:55:00.742216,758,401.9,success,200,0,0.572,5924.19
2025-12-10T22:54:58.384066,754,559.71,success,200,1,0.999,6050.51
2025-12-10T22:55:00.729616,757,415.03,success,200,0,0.399,6100.15
2025-12-10T22:54:58.416423,756,667.57,timeout,0,1,,
2025-12-10T22:55:03.628020,759,424.51,success,200,0,0.406,6336.49
2025-12-10T22:55:03.629312,760,667.66,timeout,0,1,,
2025-12-10T22:55:08.432505,764,393.0,success,200,0,0.607,5864.31
2025-12-10T22:55:06.956392,763,491.47,success,200,0,0.791,7348.56
2025-12-10T22:55:06.772657,761,506.52,success,200,1,0.266,7573.89
2025-12-10T22:55:06.780746,762,668.41,timeout,0,1,,
2025-12-10T22:55:09.997004,765,565.41,success,200,1,0.013,8435.2
2025-12-10T22:55:13.644847,766,322.16,success,200,0,0.441,4755.64
2025-12-10T22:55:16.808609,770,344.39,success,200,0,0.416,5119.59
2025-12-10T22:55:14.329416,767,509.61,success,200,1,0.814,7525.57
2025-12-10T22:55:14.329960,768,509.61,success,200,1,0.727,7570.68
2025-12-10T22:55:14.371222,769,506.91,success,200,1,0.346,7566.38
2025-12-10T22:55:18.480502,772,390.5,success,200,0,0.475,5827.57
2025-12-10T22:55:21.977823,776,428.82,success,200,0,0.501,6283.97
2025-12-10T22:55:18.480241,771,661.96,success,200,1,0.48,6333.49
2025-12-10T22:55:21.976432,774,428.82,success,200,0,0.198,6264.13
2025-12-10T22:55:21.976555,775,430.29,success,200,0,0.198,6425.04
2025-12-10T22:55:21.976161,773,633.2,success,200,1,0.737,7137.63
2025-12-10T22:55:24.339461,777,482.97,success,200,0,0.258,7202.74
2025-12-10T22:55:28.413602,780,472.36,success,200,0,0.219,7058.4
2025-12-10T22:55:28.412166,778,479.73,success,200,0,0.799,7078.97
2025-12-10T22:55:28.412580,779,479.75,success,200,0,0.887,7111.03
2025-12-10T22:55:28.432057,781,478.34,success,200,0,0.517,7055.09
2025-12-10T22:55:31.585324,783,477.65,success,200,0,0.879,7064.02
2025-12-10T22:55:31.476043,782,487.44,success,200,0,0.517,7285.27
2025-12-10T22:55:35.500716,784,482.87,success,200,0,0.893,7069.05
2025-12-10T22:55:35.611704,787,475.61,success,200,0,0.52,7056.8
2025-12-10T22:55:35.609961,785,476.36,success,200,0,0.435,7114.65
2025-12-10T22:55:35.610190,786,478.94,success,200,0,0.014,7154.62
2025-12-10T22:55:38.788761,789,443.23,success,200,0,0.601,6611.9
2025-12-10T22:55:38.751782,788,454.22,success,200,0,0.594,6774.44
2025-12-10T22:55:42.795687,793,399.33,success,200,0,0.704,5872.12
2025-12-10T22:55:42.747411,790,402.58,success,200,0,0.714,5926.05
2025-12-10T22:55:42.747757,791,402.58,success,200,0,0.128,5932.06
2025-12-10T22:55:45.440086,794,375.12,success,200,0,0.937,5597.32
2025-12-10T22:55:42.756281,792,554.01,success,200,1,0.596,5483.19
2025-12-10T22:55:45.566365,795,558.96,success,200,1,0.334,5188.76
2025-12-10T22:55:48.788967,798,344.33,success,200,0,0.156,5129.37
2025-12-10T22:55:48.787819,797,582.43,success,200,1,0.403,6436.78
2025-12-10T22:55:51.067939,799,430.46,success,200,0,0.794,6426.93
2025-12-10T22:55:51.068115,800,437.76,success,200,0,0.025,6469.84
2025-12-10T22:55:48.787635,796,667.7,timeout,0,1,,
2025-12-10T22:55:53.952472,801,508.9,success,200,1,0.961,7548.02
2025-12-10T22:55:53.954763,802,508.81,success,200,1,0.173,7605.71
2025-12-10T22:55:57.527076,804,531.97,success,200,1,0.74,7858.13
2025-12-10T22:55:58.804490,806,446.79,success,200,0,0.444,6664.32
2025-12-10T22:55:57.636106,805,524.65,success,200,1,0.649,7795.98
2025-12-10T22:55:57.526684,803,533.28,success,200,1,0.875,7967.65
2025-12-10T22:56:01.588065,807,447.7,success,200,0,0.14,6677.55
2025-12-10T22:56:01.588314,808,449.61,success,200,0,0.226,6704.28
2025-12-10T22:56:05.508581,809,427.94,success,200,0,0.484,6303.66
2025-12-10T22:56:05.526812,812,426.79,success,200,0,0.874,6301.25
2025-12-10T22:56:05.508798,810,428.03,success,200,0,0.327,6347.21
2025-12-10T22:56:11.932858,817,204.85,error,500,1,,
2025-12-10T22:56:05.508897,811,639.3,success,200,1,0.961,6715.11
2025-12-10T22:56:08.305303,813,452.89,success,200,0,0.015,6742.3
2025-12-10T22:56:08.333479,814,451.03,success,200,0,0.763,6714.67
2025-12-10T22:56:11.931398,816,424.96,success,200,0,0.446,6347.11
2025-12-10T22:56:11.931093,815,427.48,success,200,0,0.707,6380.44
2025-12-10T22:56:15.099333,819,479.97,success,200,0,0.748,7144.73
2025-12-10T22:56:15.099491,820,480.57,success,200,0,0.956,7181.27
2025-12-10T22:56:15.099586,821,484.42,success,200,0,0.579,7236.73
2025-12-10T22:56:15.007254,818,490.81,success,200,0,0.033,7337.44
2025-12-10T22:56:18.307763,822,477.7,success,200,0,0.595,7137.52
2025-12-10T22:56:18.345032,823,477.89,success,200,0,0.048,7142.15
2025-12-10T22:56:22.366848,826,448.72,success,200,0,0.32,6664.45
2025-12-10T22:56:22.308868,825,452.53,success,200,0,0.391,6712.62
2025-12-10T22:56:22.371022,827,448.47,success,200,0,0.277,6700.23
2025-12-10T22:56:22.300524,824,458.2,success,200,0,0.853,6846.64
2025-12-10T22:56:25.474886,828,370.65,success,200,0,0.066,5532.44
2025-12-10T22:56:25.514269,829,589.41,success,200,1,0.3,5175.95
2025-12-10T22:56:29.174624,833,345.48,success,200,0,0.968,5096.49
2025-12-10T22:56:29.100770,830,350.36,success,200,0,0.729,5157.86
2025-12-10T22:56:29.101023,831,562.08,success,200,1,0.653,6435.5
2025-12-10T22:56:31.036313,834,434.97,success,200,0,0.728,6501.59
2025-12-10T22:56:29.102108,832,668.11,timeout,0,1,,
2025-12-10T22:56:34.357803,835,503.91,success,200,1,0.168,7513.4
2025-12-10T22:56:34.358066,836,504.42,success,200,1,0.65,7539.15
2025-12-10T22:56:34.360013,837,506.7,success,200,1,0.277,7576.74
2025-12-10T22:56:37.561649,839,528.73,success,200,1,0.541,7906.58
2025-12-10T22:56:39.125720,840,424.53,success,200,0,0.613,6341.45
2025-12-10T22:56:37.534011,838,533.14,success,200,1,0.246,7968.86
2025-12-10T22:56:41.960941,843,448.86,success,200,0,0.937,6625.37
2025-12-10T22:56:41.917269,841,452.44,success,200,0,0.799,6666.15
2025-12-10T22:56:41.924656,842,454.36,success,200,0,0.693,6701.28
2025-12-10T22:56:45.496736,845,399.59,success,200,0,0.223,5969.23
2025-12-10T22:56:45.496082,844,410.24,success,200,0,0.824,6056.65
2025-12-10T22:56:48.740416,849,426.89,success,200,0,0.251,6299.67
2025-12-10T22:56:48.694503,847,429.97,success,200,0,0.0,6399.16
2025-12-10T22:56:45.532106,846,644.83,success,200,1,0.895,6465.1
2025-12-10T22:56:48.704256,848,667.92,timeout,0,1,,
2025-12-10T22:56:51.492790,850,483.16,success,200,0,0.624,7213.94
2025-12-10T22:56:51.650643,851,477.04,success,200,0,0.487,7130.93
2025-12-10T22:56:55.145295,853,475.66,success,200,0,0.828,7113.79
2025-12-10T22:56:55.205251,854,473.73,success,200,0,0.803,7072.08
2025-12-10T22:56:55.144576,852,480.06,success,200,0,0.645,7174.48
2025-12-10T22:56:58.807254,857,472.92,success,200,0,0.319,7068.43
2025-12-10T22:56:58.725268,855,481.85,success,200,0,0.677,7194.51
2025-12-10T22:56:58.741059,856,483.93,success,200,0,0.029,7236.26
2025-12-10T22:57:02.312259,859,478.05,success,200,0,0.566,7118.54
2025-12-10T22:57:02.281866,858,480.01,success,200,0,0.526,7173.2
2025-12-10T22:57:02.346447,860,482.58,success,200,0,0.904,7213.86
2025-12-10T22:57:05.903108,861,422.67,success,200,0,0.693,6317.49
2025-12-10T22:57:05.954043,862,420.59,success,200,0,0.928,6262.25
2025-12-10T22:57:06.000954,863,421.71,success,200,0,0.068,6265.63
2025-12-10T22:57:09.485718,865,384.07,success,200,0,0.402,5673.99
2025-12-10T22:57:12.245475,867,481.88,success,200,0,0.932,7193.13
2025-12-10T22:57:09.586240,866,660.39,success,200,1,0.64,7224.16
2025-12-10T22:57:12.327794,869,477.74,success,200,0,0.529,7106.76
2025-12-10T22:57:09.484852,864,667.58,timeout,0,1,,
2025-12-10T22:57:12.263975,868,486.35,success,200,0,0.308,7268.75
2025-12-10T22:57:15.247485,870,471.32,success,200,0,0.606,7039.97
2025-12-10T22:57:19.495043,873,477.13,success,200,0,0.209,7132.89
2025-12-10T22:57:19.477191,871,487.36,success,200,0,0.645,7195.1
2025-12-10T22:57:19.493199,872,486.33,success,200,0,0.717,7222.67
2025-12-10T22:57:19.498895,874,485.85,success,200,0,0.517,7181.93
2025-12-10T22:57:19.560500,875,481.89,success,200,0,0.259,7152.13
2025-12-10T22:57:22.318339,876,488.84,success,200,0,0.262,7207.88
2025-12-10T22:57:26.653999,877,478.73,success,200,0,0.259,7147.02
2025-12-10T22:57:26.790749,879,469.73,success,200,0,0.135,7019.19
2025-12-10T22:57:26.789808,878,471.93,success,200,0,0.993,7051.85
2025-12-10T22:57:26.791648,880,476.3,success,200,0,0.479,7100.28
2025-12-10T22:57:26.791871,881,476.32,success,200,0,0.194,7094.15
2025-12-10T22:57:29.651722,882,473.05,success,200,0,0.2,7069.13
2025-12-10T22:57:33.837449,883,481.3,success,200,0,0.785,7188.28
2025-12-10T22:57:33.838633,884,481.14,success,200,0,0.052,7180.98
2025-12-10T22:57:33.937914,887,475.99,success,200,0,0.311,7101.46
2025-12-10T22:57:33.870264,885,480.72,success,200,0,0.029,7179.03
2025-12-10T22:57:33.937330,886,476.32,success,200,0,0.374,7123.58
2025-12-10T22:57:36.748813,888,454.03,success,200,0,0.758,6774.84
2025-12-10T22:57:41.078660,891,350.69,success,200,0,0.526,5232.77
2025-12-10T22:57:41.058636,889,352.65,success,200,0,0.592,5265.08
2025-12-10T22:57:41.059225,890,354.18,success,200,0,0.297,5287.64
2025-12-10T22:57:41.082534,892,355.8,success,200,0,0.409,5316.79
2025-12-10T22:57:43.559895,894,373.03,success,200,0,0.019,5571.21
2025-12-10T22:57:41.083154,893,667.35,timeout,0,1,,
2025-12-10T22:57:46.340743,895,505.29,success,200,1,0.01,7438.61
2025-12-10T22:57:46.419861,898,500.15,success,200,1,0.887,7442.95
2025-12-10T22:57:46.348948,896,504.81,success,200,1,0.968,7446.69
2025-12-10T22:57:46.373400,897,512.08,success,200,1,0.824,7593.17
2025-12-10T22:57:51.094137,900,399.54,success,200,0,0.885,5972.03
2025-12-10T22:57:49.157125,899,536.53,success,200,1,0.259,8010.82
2025-12-10T22:57:54.055122,904,384.65,error,500,1,,
2025-12-10T22:57:53.924413,901,400.72,success,200,0,0.661,5980.44
2025-12-10T22:57:53.925683,903,401.03,success,200,0,0.947,5987.41
2025-12-10T22:57:53.924694,902,403.67,success,200,0,0.168,6027.81
2025-12-10T22:57:57.206680,906,368.02,success,200,0,0.353,5458.52
2025-12-10T22:57:59.826356,907,482.41,success,200,0,0.025,7209.88
2025-12-10T22:57:59.980295,910,472.78,success,200,0,0.128,7071.74
2025-12-10T22:57:57.088925,905,667.58,timeout,0,1,,
2025-12-10T22:57:59.941448,909,481.65,success,200,0,0.608,7143.31
2025-12-10T22:57:59.935701,908,482.26,success,200,0,0.579,7211.9
2025-12-10T22:58:02.729990,911,421.78,success,200,0,0.29,6293.91
2025-12-10T22:58:07.063874,912,345.59,success,200,0,0.307,5061.38
2025-12-10T22:58:07.103005,914,353.75,success,200,0,0.225,5144.47
2025-12-10T22:58:07.166743,915,349.53,success,200,0,0.494,5176.32
2025-12-10T22:58:07.072732,913,533.66,success,200,1,0.04,6015.52
2025-12-10T22:58:09.058512,917,407.67,success,200,0,0.829,6085.86
2025-12-10T22:58:07.169915,916,667.5,timeout,0,1,,
2025-12-10T22:58:12.410321,919,447.74,success,200,0,0.355,6689.91
2025-12-10T22:58:12.410934,920,454.49,success,200,0,0.009,6740.02
2025-12-10T22:58:12.249776,918,667.62,timeout,0,1,,
2025-12-10T22:58:17.183465,923,418.77,success,200,0,0.323,5794.89
2025-12-10T22:58:15.079424,921,566.57,success,200,1,0.356,8470.92
2025-12-10T22:58:15.175275,922,560.4,success,200,1,0.411,8373.81
2025-12-10T22:58:22.266744,926,267.27,success,200,0,0.247,3961.28
2025-12-10T22:58:19.232600,925,470.37,success,200,0,0.658,7035.45
2025-12-10T22:58:19.130213,924,478.99,success,200,0,0.143,7072.48
2025-12-10T22:58:23.466694,927,317.71,success,200,0,0.919,4738.57
2025-12-10T22:58:26.288400,931,347.5,success,200,0,0.708,5174.65
2025-12-10T22:58:23.582051,929,528.43,success,200,1,0.354,5215.3
2025-12-10T22:58:26.276613,930,354.96,success,200,0,0.983,5298.24
2025-12-10T22:58:23.579396,928,667.66,timeout,0,1,,
2025-12-10T22:58:28.234426,933,433.3,success,200,0,0.563,6467.3
2025-12-10T22:58:26.315308,932,667.38,timeout,0,1,,
2025-12-10T22:58:31.603984,936,503.54,success,200,1,0.258,7453.86
2025-12-10T22:58:31.504053,934,510.23,success,200,1,0.906,7555.92
2025-12-10T22:58:31.509356,935,509.9,success,200,1,0.543,7511.36
2025-12-10T22:58:34.736774,938,525.25,success,200,1,0.47,7847.99
2025-12-10T22:58:36.328334,939,423.17,success,200,0,0.524,6321.47
2025-12-10T22:58:33.595307,937,606.14,success,200,1,0.954,7823.13
2025-12-10T22:58:39.159949,942,445.41,success,200,0,0.315,6611.4
2025-12-10T22:58:39.159004,940,445.53,success,200,0,0.413,6651.99
2025-12-10T22:58:39.159176,941,454.45,success,200,0,0.028,6732.39
2025-12-10T22:58:42.618093,943,401.29,success,200,0,0.994,5951.37
2025-12-10T22:58:42.688376,945,397.53,success,200,0,0.409,5937.3
2025-12-10T22:58:45.843902,946,343.02,error,500,1,,
2025-12-10T22:58:45.977210,948,341.42,success,200,0,0.765,5096.48
2025-12-10T22:58:42.677598,944,569.32,success,200,1,0.864,5349.14
2025-12-10T22:58:45.844728,947,561.92,success,200,1,0.672,5632.3
2025-12-10T22:58:48.652202,950,380.9,success,200,0,0.087,5607.58
2025-12-10T22:58:51.099197,952,477.14,success,200,0,0.753,7133.45
2025-12-10T22:58:51.217942,953,470.72,success,200,0,0.135,7035.53
2025-12-10T22:58:48.639190,949,651.6,success,200,1,0.486,7356.31
2025-12-10T22:58:50.991009,951,494.85,success,200,0,0.606,7345.52
2025-12-10T22:58:54.366314,955,454.46,success,200,0,0.156,6643.98
2025-12-10T22:58:54.274965,954,460.57,success,200,0,0.001,6743.88
2025-12-10T22:58:58.258435,956,424.33,success,200,0,0.541,6338.06
2025-12-10T22:58:58.414447,958,416.88,success,200,0,0.223,6226.12
2025-12-10T22:58:58.279708,957,427.03,success,200,0,0.999,6379.64
2025-12-10T22:58:58.414660,959,656.5,success,200,1,0.192,7225.92
2025-12-10T22:59:01.184335,961,473.07,success,200,0,0.641,7061.76
2025-12-10T22:59:01.183931,960,477.94,success,200,0,0.26,7147.84
2025-12-10T22:59:04.668756,963,478.39,success,200,0,0.795,7085.44
2025-12-10T22:59:04.626774,962,481.41,success,200,0,0.962,7182.86
2025-12-10T22:59:04.686190,964,480.69,success,200,0,0.694,7176.44
2025-12-10T22:59:08.354085,967,470.8,success,200,0,0.569,6884.6
2025-12-10T22:59:08.265279,965,481.87,success,200,0,0.782,7201.02
2025-12-10T22:59:08.281378,966,484.66,success,200,0,0.245,7236.29
2025-12-10T22:59:11.898152,970,478.88,success,200,0,0.565,7126.56
2025-12-10T22:59:11.846158,968,485.3,success,200,0,0.664,7242.94
2025-12-10T22:59:11.848492,969,486.14,success,200,0,0.047,7272.27
2025-12-10T22:59:15.417832,971,451.91,success,200,0,0.661,6751.66
2025-12-10T22:59:15.551915,973,448.07,success,200,0,0.748,6691.97
2025-12-10T22:59:15.494513,972,453.26,success,200,0,0.895,6741.11
2025-12-10T22:59:19.141300,976,415.82,success,200,0,0.64,6200.65
2025-12-10T22:59:19.089489,974,421.45,success,200,0,0.668,6294.46
2025-12-10T22:59:22.274635,978,450.08,success,200,0,0.962,6723.03
2025-12-10T22:59:22.198748,977,456.3,success,200,0,0.986,6818.67
2025-12-10T22:59:19.126996,975,662.37,success,200,1,0.057,6865.41
2025-12-10T22:59:22.294621,979,454.13,success,200,0,0.185,6781.77
2025-12-10T22:59:25.380064,980,430.16,success,200,0,0.314,6422.19
2025-12-10T22:59:25.412409,981,667.48,timeout,0,1,,
2025-12-10T22:59:29.063642,984,473.31,success,200,0,0.139,7073.95
2025-12-10T22:59:29.028466,982,475.96,success,200,0,0.124,7113.37
2025-12-10T22:59:29.108020,985,480.55,success,200,0,0.318,7090.84
2025-12-10T22:59:29.044228,983,484.84,success,200,0,0.321,7138.76
